-- Create the 2024/2025 academic session
INSERT INTO academic_sessions (id, session_year, is_active, start_date, end_date)
VALUES (
  gen_random_uuid(),
  '2024/2025',
  true,
  '2024-09-01',
  '2025-08-31'
)
RETURNING id, session_year;

-- Get the session ID (copy this from the output above)
-- Then create the three terms using that session_id

-- Replace 'SESSION_ID_HERE' with the actual ID from the output above
WITH session AS (
  SELECT id FROM academic_sessions WHERE session_year = '2024/2025'
)
INSERT INTO academic_terms (id, term_name, session_id, is_active, start_date, end_date)
VALUES
  (gen_random_uuid(), 'First Term', (SELECT id FROM session), false, '2024-09-01', '2024-12-20'),
EOFECT * FROM academic_terms;ns;m', (SELECT id FROM session), false, '2025-04-21', '2025-08-01'),
                  id                  | session_year
--------------------------------------+--------------
 5289e8e0-6e24-4913-89df-4cc4ebabcafb | 2024/2025
(1 row)

INSERT 0 1
  term_name  | is_active
-------------+-----------
 First Term  | f
 Second Term | t
 Third Term  | f
(3 rows)

INSERT 0 3
                  id                  | session_year | is_active |     start_date      |      end_date       |         created_at         |         updated_at
--------------------------------------+--------------+-----------+---------------------+---------------------+----------------------------+----------------------------
 5289e8e0-6e24-4913-89df-4cc4ebabcafb | 2024/2025    | t         | 2024-09-01 00:00:00 | 2025-08-31 00:00:00 | 2025-10-24 17:55:26.965727 | 2025-10-24 17:55:26.965727
(1 row)

                  id                  |  term_name  |              session_id              | is_active |     start_date      |      end_date       | resumption_date |         created_at         |         updated_at
--------------------------------------+-------------+--------------------------------------+-----------+---------------------+---------------------+-----------------+----------------------------+----------------------------
 ead82f5b-7827-4740-967c-09801c3ec1e3 | First Term  | 5289e8e0-6e24-4913-89df-4cc4ebabcafb | f         | 2024-09-01 00:00:00 | 2024-12-20 00:00:00 |                 | 2025-10-24 17:55:26.968915 | 2025-10-24 17:55:26.968915
 17cba56d-dc1c-4846-aaa3-9fb31ccb3de4 | Second Term | 5289e8e0-6e24-4913-89df-4cc4ebabcafb | t         | 2025-01-06 00:00:00 | 2025-04-04 00:00:00 |                 | 2025-10-24 17:55:26.968915 | 2025-10-24 17:55:26.968915
 da7b7022-0474-4670-a8dd-87bd11dced70 | Third Term  | 5289e8e0-6e24-4913-89df-4cc4ebabcafb | f         | 2025-04-21 00:00:00 | 2025-08-01 00:00:00 |                 | 2025-10-24 17:55:26.968915 | 2025-10-24 17:55:26.968915
(3 rows)

root@srv1076016:~# psql postgresql://sowa_user:Sowa2025Academy@localhost:5432/sowa_academy << 'EOF'

-- Show current classes before deletion
SELECT id, name, school_id FROM classes;

-- Delete all classes
DELETE FROM classes;

-- Verify deletion
SELECT COUNT(*) as remaining_classes FROM classes;

EOF
    id     |    name     |              school_id
-----------+-------------+--------------------------------------
 SCH1-CLS1 | ijei daniel | b46c0e16-4525-4a56-996f-af1ec883152c
(1 row)

DELETE 1
 remaining_classes
-------------------
                 0
(1 row)

root@srv1076016:~# psql postgresql://sowa_user:Sowa2025Academy@localhost:5432/sowa_academy << 'EOF'

-- First, create all subjects
DELETE FROM subjects;

-- BASIC Level Subjects (ID: SUBJ-BASIC-XX)
INSERT INTO subjects (id, name, description) VALUES
  ('SUBJ-BASIC-01', 'English Language', 'Language and communication'),
  ('SUBJ-BASIC-02', 'Mathematics', 'Numeracy and problem solving'),
  ('SUBJ-BASIC-03', 'Basic Science', 'Introduction to science'),
  ('SUBJ-BASIC-04', 'Basic Technology', 'Introduction to technology'),
  ('SUBJ-BASIC-05', 'Social Studies', 'Society and environment'),
  ('SUBJ-BASIC-06', 'Creative Arts', 'Arts and crafts'),
  ('SUBJ-BASIC-07', 'Civic Education', 'Citizenship education'),
  ('SUBJ-BASIC-08', 'Physical Education', 'Sports and health'),
  ('SUBJ-BASIC-09', 'Christian Religious Studies', 'Religious education');

-- JSS Level Subjects (ID: SUBJ-JSS-XX)
INSERT INTO subjects (id, name, description) VALUES
  ('SUBJ-JSS-01', 'English Language', 'Language and literature'),
  ('SUBJ-JSS-02', 'Mathematics', 'Advanced mathematics'),
  ('SUBJ-JSS-03', 'Basic Science', 'Integrated science'),
  ('SUBJ-JSS-04', 'Basic Technology', 'Technical skills'),
  ('SUBJ-JSS-05', 'Social Studies', 'Social sciences'),
EOFER BY c.name;subjects cs ON c.id = cs.class_idcts tableure'),guage'),;
DELETE 0
ERROR:  invalid input syntax for type uuid: "SUBJ-BASIC-01"
LINE 2:   ('SUBJ-BASIC-01', 'English Language', 'Language and commun...
           ^
ERROR:  invalid input syntax for type uuid: "SUBJ-JSS-01"
LINE 2:   ('SUBJ-JSS-01', 'English Language', 'Language and literatu...
           ^
ERROR:  invalid input syntax for type uuid: "SUBJ-SS-01"
LINE 2:   ('SUBJ-SS-01', 'English Language', 'English literature and...
           ^
DELETE 0
ERROR:  operator does not exist: uuid ~~ unknown
LINE 6:   AND s.id LIKE 'SUBJ-BASIC-%';
                   ^
HINT:  No operator matches the given name and argument types. You might need to add explicit type casts.
ERROR:  operator does not exist: uuid ~~ unknown
LINE 6:   AND s.id LIKE 'SUBJ-JSS-%';
                   ^
HINT:  No operator matches the given name and argument types. You might need to add explicit type casts.
ERROR:  operator does not exist: uuid ~~ unknown
LINE 6:   AND s.id LIKE 'SUBJ-SS-%';
                   ^
HINT:  No operator matches the given name and argument types. You might need to add explicit type casts.
 class_name | subject_count
------------+---------------
(0 rows)